{
  "swagger" : "2.0",
  "info" : {
    "title" : "IPL2020",
    "version" : "1.0.0",
    "description" : "IPL2020"
  },
  "paths" : {
    "/matchresult" : {
      "get" : {
        "operationId" : "getMatchresult",
        "responses" : {
          "200" : {
            "description" : "The operation was successful.",
            "schema" : {
              "type" : "string"
            }
          }
        },
        "produces" : [ "application/json" ],
        "description" : "Retrieve matchresult",
        "parameters" : [ {
          "name" : "Team",
          "in" : "query",
          "type" : "string"
        }, {
          "name" : "Venue",
          "in" : "query",
          "type" : "string"
        } ]
      }
    }
  },
  "basePath" : "/ipl2020/v1"
}